{
  "mEntities": {
    "RealmControllerWorldJson": {
      "-1804934": {
        "$type": "Zealot.Entities.RealmControllerWorldJson, Assembly-CSharp",
        "spawnPos": [
          {
            "x": 167.366,
            "y": 0.6079599,
            "z": 99.2583
          }
        ],
        "spawnDir": [
          {
            "x": -4.76837158E-07,
            "y": 0.0,
            "z": -1.0
          }
        ],
        "forward": {
          "x": 0.0,
          "y": 0.0,
          "z": 1.0
        },
        "EntityLinks_Server": {},
        "ObjectID": -1804934,
        "position": {
          "x": 165.666016,
          "y": 0.6079516,
          "z": 97.35829
        }
      }
    },
    "MapInfoJson": {
      "-1804938": {
        "$type": "Zealot.Entities.MapInfoJson, Assembly-CSharp",
        "centerPoint": {
          "x": 143.366013,
          "y": 97.5389557,
          "z": 151.458313
        },
        "mapScale": {
          "x": 0.45,
          "y": 0.227995828,
          "z": 0.45
        },
        "width": 512.0,
        "height": 512.0,
        "ObjectID": -1804938,
        "position": {
          "x": 143.366013,
          "y": 97.5389557,
          "z": 151.458313
        }
      }
    },
    "PlayerSpawnerJson": {
      "-1804932": {
        "$type": "Zealot.Entities.PlayerSpawnerJson, Assembly-CSharp",
        "forward": {
          "x": -4.76837158E-07,
          "y": 0.0,
          "z": -1.0
        },
        "ObjectID": -1804932,
        "position": {
          "x": 167.366,
          "y": 0.6079599,
          "z": 99.2583
        }
      }
    }
  }
}